cache_size,staging_slots,run_idx,prompt_idx,elapsed_ms,wall_ms,token_count,ms_per_token,tokens_per_sec,tokens_per_min,peak_mem_mb,curr_mem_mb,reserved_mb,input_hits,input_misses,input_evictions,input_puts,input_skipped_cache,input_hit_rate,input_miss_rate,input_eviction_rate,output_hits,output_misses,output_evictions,output_puts,output_skipped_cache,output_hit_rate,output_miss_rate,output_eviction_rate
2,1,0,0,45735.1328125,45737.015507000026,64,714.6114501953125,1.3993618486335297,83.96171091801179,990.0458984375,877.57470703125,4842.0,116,1124,84,562,476,0.0935483870967742,0.9064516129032258,0.1494661921708185,116,1124,84,562,476,0.0935483870967742,0.9064516129032258,0.1494661921708185
2,1,0,1,17281.333984375,17280.964998999993,26,664.6666917067307,1.5045134839421554,90.27080903652933,989.9912109375,877.57470703125,4942.0,152,1548,118,774,654,0.08941176470588236,0.9105882352941177,0.1524547803617571,152,1548,118,774,654,0.08941176470588236,0.9105882352941177,0.1524547803617571
2,1,0,2,37483.6953125,37482.843171000015,64,585.6827392578125,1.7074090338861918,102.4445420331715,977.484375,877.57470703125,4942.0,246,2510,199,1255,1054,0.08925979680696662,0.9107402031930334,0.15856573705179283,246,2510,199,1255,1054,0.08925979680696662,0.9107402031930334,0.15856573705179283
2,1,1,0,37110.44921875,37109.60909800008,64,579.8507690429688,1.7245816568467756,103.47489941080653,990.0458984375,877.57470703125,4962.0,356,3468,272,1734,1460,0.09309623430962342,0.9069037656903766,0.1568627450980392,356,3468,272,1734,1460,0.09309623430962342,0.9069037656903766,0.1568627450980392
2,1,1,1,18927.630859375,18927.22699700005,31,610.5687373991935,1.6378172329288356,98.26903397573014,990.0615234375,877.57470703125,4962.0,410,3954,307,1977,1668,0.09395050412465628,0.9060494958753437,0.15528578654527062,410,3954,307,1977,1668,0.09395050412465628,0.9060494958753437,0.15528578654527062
2,1,1,2,36684.8046875,36683.97608700002,64,573.2000732421875,1.744591542606942,104.67549255641653,977.484375,877.57470703125,4962.0,482,4938,399,2469,2068,0.08892988929889299,0.911070110701107,0.16160388821385177,482,4938,399,2469,2068,0.08892988929889299,0.911070110701107,0.16160388821385177
2,1,2,0,37348.7421875,37347.89842999999,64,583.5740966796875,1.7135784567711554,102.81470740626932,992.8798828125,877.57470703125,4962.0,602,5886,467,2943,2474,0.09278668310727498,0.907213316892725,0.15868161739721373,602,5886,467,2943,2474,0.09278668310727498,0.907213316892725,0.15868161739721373
2,1,2,1,36992.5390625,36991.70504400002,64,578.0084228515625,1.7300785948180006,103.80471568908004,990.0615234375,877.57470703125,4964.0,694,6862,549,3431,2880,0.0918475383800953,0.9081524616199047,0.16001165840862722,694,6862,549,3431,2880,0.0918475383800953,0.9081524616199047,0.16001165840862722
2,1,2,2,36942.6640625,36941.839060000006,64,577.2291259765625,1.7324143134811314,103.94485880886788,980.484375,877.57470703125,4964.0,768,7844,640,3922,3280,0.08917789131444497,0.910822108685555,0.1631820499745028,768,7844,640,3922,3280,0.08917789131444497,0.910822108685555,0.1631820499745028
2,1,0,0,37101.43359375,37100.601385,64,579.7098999023438,1.7250007291033966,103.5000437462038,994.0458984375,881.57470703125,4882.0,108,1132,88,566,476,0.08709677419354839,0.9129032258064517,0.15547703180212014,108,1132,88,566,476,0.08709677419354839,0.9129032258064517,0.15547703180212014
2,1,0,1,17973.90625,17973.52153999998,30,599.1302083333334,1.6690862622030198,100.14517573218119,993.9560546875,881.57470703125,4982.0,164,1600,120,800,678,0.09297052154195011,0.9070294784580499,0.15,164,1600,120,800,678,0.09297052154195011,0.9070294784580499,0.15
2,1,0,2,36946.125,36945.29255400005,64,577.283203125,1.7322520291370205,103.93512174822123,981.484375,881.57470703125,4982.0,246,2574,207,1287,1078,0.08723404255319149,0.9127659574468086,0.16083916083916083,246,2574,207,1287,1078,0.08723404255319149,0.9127659574468086,0.16083916083916083
2,1,1,0,37016.5625,37015.727105999984,64,578.3837890625,1.7289557883717592,103.73734730230555,994.0458984375,881.57470703125,4982.0,344,3544,286,1772,1484,0.08847736625514403,0.911522633744856,0.1613995485327314,344,3544,286,1772,1484,0.08847736625514403,0.911522633744856,0.1613995485327314
2,1,1,1,13157.349609375,13157.084342999951,21,626.5404575892857,1.5960661245207683,95.7639674712461,993.9560546875,881.57470703125,4982.0,384,3884,308,1942,1632,0.08997188378631678,0.9100281162136832,0.15859938208032956,384,3884,308,1942,1632,0.08997188378631678,0.9100281162136832,0.15859938208032956
2,1,1,2,37699.9375,37699.07609400002,64,589.0615234375,1.6976155464448714,101.85693278669228,981.484375,881.57470703125,4982.0,470,4854,393,2427,2032,0.08827948910593539,0.9117205108940646,0.1619283065512979,470,4854,393,2427,2032,0.08827948910593539,0.9117205108940646,0.1619283065512979
2,1,2,0,37076.8984375,37076.06178399999,64,579.3265380859375,1.7261422259438417,103.5685335566305,994.0458984375,881.57470703125,5002.0,578,5814,467,2907,2438,0.09042553191489362,0.9095744680851063,0.1606467148262814,578,5814,467,2907,2438,0.09042553191489362,0.9095744680851063,0.1606467148262814
2,1,2,1,21963.58984375,21963.112043000023,37,593.6105363175676,1.6846062170719687,101.07637302431812,993.9560546875,881.57470703125,5022.0,634,6394,513,3197,2682,0.09021058622652248,0.9097894137734776,0.16046293400062558,634,6394,513,3197,2682,0.09021058622652248,0.9097894137734776,0.16046293400062558
2,1,2,2,36977.5,36976.68147299998,64,577.7734375,1.730782232438645,103.8469339463187,981.484375,881.57470703125,5022.0,724,7360,596,3680,3082,0.08955962394854032,0.9104403760514597,0.16195652173913044,724,7360,596,3680,3082,0.08955962394854032,0.9104403760514597,0.16195652173913044
2,2,0,0,14912.306640625,14911.996131000024,23,648.3611582880435,1.5423502583659339,92.54101550195602,994.0458984375,881.57470703125,4856.0,42,542,39,271,230,0.07191780821917808,0.928082191780822,0.14391143911439114,42,542,39,271,230,0.07191780821917808,0.928082191780822,0.14391143911439114
2,2,0,1,16714.72265625,16714.378893999994,26,642.8739483173077,1.555514891554484,93.33089349326904,993.9560546875,881.57470703125,4956.0,94,950,65,475,408,0.09003831417624521,0.9099616858237548,0.1368421052631579,94,950,65,475,408,0.09003831417624521,0.9099616858237548,0.1368421052631579
2,2,0,2,38804.98828125,38804.14391800013,64,606.3279418945312,1.6492724990957892,98.95634994574735,981.484375,881.57470703125,4958.0,180,1920,150,960,808,0.08571428571428572,0.9142857142857143,0.15625,180,1920,150,960,808,0.08571428571428572,0.9142857142857143,0.15625
2,2,1,0,37884.640625,37883.78575999991,64,591.947509765625,1.689338976011469,101.36033856068813,994.0458984375,881.57470703125,4982.0,268,2900,234,1450,1214,0.0845959595959596,0.9154040404040404,0.16137931034482758,268,2900,234,1450,1214,0.0845959595959596,0.9154040404040404,0.16137931034482758
2,2,1,1,17389.888671875,17389.540190999924,28,621.0674525669643,1.6101310668701942,96.60786401221165,994.0615234375,881.57470703125,4982.0,318,3342,265,1671,1404,0.08688524590163935,0.9131147540983606,0.15858767205266308,318,3342,265,1671,1404,0.08688524590163935,0.9131147540983606,0.15858767205266308
2,2,1,2,39317.26953125,39316.38397400002,64,614.3323364257812,1.6277834336672787,97.66700602003672,981.484375,881.57470703125,4982.0,404,4312,350,2156,1804,0.08566581849024597,0.914334181509754,0.16233766233766234,404,4312,350,2156,1804,0.08566581849024597,0.914334181509754,0.16233766233766234
2,2,2,0,39045.0625,39044.18980900005,64,610.0791015625,1.6391317083946273,98.34790250367763,994.0458984375,881.57470703125,5002.0,496,5288,432,2644,2210,0.08575380359612725,0.9142461964038727,0.16338880484114976,496,5288,432,2644,2210,0.08575380359612725,0.9142461964038727,0.16338880484114976
2,2,2,1,18720.875,18720.47671900009,29,645.5474137931035,1.54907289322748,92.9443735936488,993.9560546875,881.57470703125,5002.0,540,5752,468,2876,2406,0.08582326764144946,0.9141767323585506,0.1627260083449235,540,5752,468,2876,2406,0.08582326764144946,0.9141767323585506,0.1627260083449235
2,2,2,2,38564.47265625,38563.60215000018,64,602.5698852539062,1.6595585416264667,99.573512497588,981.484375,881.57470703125,5002.0,630,6718,551,3359,2806,0.08573761567773544,0.9142623843222646,0.16403691574873475,630,6718,551,3359,2806,0.08573761567773544,0.9142623843222646,0.16403691574873475
4,1,0,0,34533.0859375,34532.32543199988,64,539.5794677734375,1.8532951302362883,111.1977078141773,1279.0458984375,1174.07470703125,5102.0,216,1024,176,512,332,0.17419354838709677,0.8258064516129032,0.34375,216,1024,176,512,332,0.17419354838709677,0.8258064516129032,0.34375
4,1,0,1,17614.7265625,17614.35633100018,31,568.2169858870968,1.759891071258291,105.59346427549745,1280.4560546875,1171.57470703125,5222.0,326,1454,245,727,478,0.18314606741573033,0.8168539325842696,0.33700137551581844,326,1454,245,727,478,0.18314606741573033,0.8168539325842696,0.33700137551581844
4,1,0,2,35223.62890625,35222.83852400005,64,550.3692016601562,1.816962135569285,109.01772813415711,1265.484375,1173.57470703125,5222.0,478,2358,425,1179,750,0.16854724964739068,0.8314527503526093,0.3604749787955895,478,2358,425,1179,750,0.16854724964739068,0.8314527503526093,0.3604749787955895
4,1,1,0,13551.72265625,13551.4458319999,23,589.2053328804348,1.6972012033756088,101.83207220253652,1279.0458984375,1175.07470703125,5222.0,562,2686,475,1343,864,0.1730295566502463,0.8269704433497537,0.3536857781087118,562,2686,475,1343,864,0.1730295566502463,0.8269704433497537,0.3536857781087118
4,1,1,1,14032.7587890625,14032.470903000103,24,584.6982828776041,1.7102837981300036,102.61702788780022,1281.4912109375,1172.57470703125,5222.0,644,3032,530,1516,982,0.17519042437431992,0.8248095756256801,0.3496042216358839,644,3032,530,1516,982,0.17519042437431992,0.8248095756256801,0.3496042216358839
4,1,1,2,35261.8125,35261.02274300001,64,550.9658203125,1.8149946205969985,108.89967723581991,1266.984375,1171.57470703125,5222.0,796,3936,710,1968,1254,0.16821639898562976,0.8317836010143702,0.36077235772357724,796,3936,710,1968,1254,0.16821639898562976,0.8317836010143702,0.36077235772357724
4,1,2,0,13366.662109375,13366.393711,23,581.1592221467391,1.7206988410269195,103.24193046161517,1280.8798828125,1173.07470703125,5222.0,876,4268,762,2134,1368,0.1702954898911353,0.8297045101088647,0.3570759137769447,876,4268,762,2134,1368,0.1702954898911353,0.8297045101088647,0.3570759137769447
4,1,2,1,13963.9150390625,13963.62804499995,24,581.8297932942709,1.718715699204891,103.12294195229346,1279.4912109375,1175.07470703125,5222.0,950,4622,821,2311,1486,0.17049533381191673,0.8295046661880833,0.35525746430116834,950,4622,821,2311,1486,0.17049533381191673,0.8295046661880833,0.35525746430116834
4,1,2,2,34369.0390625,34368.279393999954,64,537.0162353515625,1.862141094012439,111.72846564074634,1267.484375,1174.57470703125,5222.0,1126,5502,989,2751,1758,0.16988533494266747,0.8301146650573326,0.3595056343147946,1126,5502,989,2751,1758,0.16988533494266747,0.8301146650573326,0.3595056343147946
4,1,0,0,33241.6875,33240.944451999894,64,519.4013671875,1.9252933534135415,115.5176012048125,1280.0458984375,1174.57470703125,5102.0,232,1008,168,504,332,0.1870967741935484,0.8129032258064516,0.3333333333333333,232,1008,168,504,332,0.1870967741935484,0.8129032258064516,0.3333333333333333
4,1,0,1,13901.8369140625,13901.560367999991,23,604.4276919157609,1.654457618959275,99.2674571375565,1280.0615234375,1173.57470703125,5242.0,312,1340,220,670,446,0.18886198547215496,0.8111380145278451,0.3283582089552239,312,1340,220,670,446,0.18886198547215496,0.8111380145278451,0.3283582089552239
4,1,0,2,34726.7109375,34725.93569200012,64,542.6048583984375,1.842961751119624,110.57770506717743,1267.484375,1175.07470703125,5242.0,462,2246,401,1123,718,0.1706056129985229,0.829394387001477,0.3570792520035619,462,2246,401,1123,718,0.1706056129985229,0.829394387001477,0.3570792520035619
4,1,1,0,34362.56640625,34361.79630800006,64,536.9151000976562,1.8624918535874966,111.7495112152498,1281.5458984375,1174.07470703125,5242.0,670,3106,553,1553,996,0.1774364406779661,0.8225635593220338,0.356084996780425,670,3106,553,1553,996,0.1774364406779661,0.8225635593220338,0.356084996780425
4,1,1,1,15544.5302734375,15544.217464999974,27,575.7233434606482,1.7369453772519334,104.216722635116,1280.5263671875,1173.57470703125,5282.0,752,3500,620,1750,1126,0.17685794920037629,0.8231420507996237,0.35428571428571426,752,3500,620,1750,1126,0.17685794920037629,0.8231420507996237,0.35428571428571426
4,1,1,2,34255.828125,34255.064530000025,64,535.247314453125,1.8682952216616424,112.09771329969854,1267.984375,1174.07470703125,5282.0,894,4414,805,2207,1398,0.16842501883948757,0.8315749811605124,0.3647485274127775,894,4414,805,2207,1398,0.16842501883948757,0.8315749811605124,0.3647485274127775
4,1,2,0,34479.93359375,34479.16279099991,64,538.7489624023438,1.856152066708184,111.36912400249103,1283.9130859375,1173.07470703125,5282.0,1066,5310,975,2655,1676,0.16718946047678795,0.832810539523212,0.3672316384180791,1066,5310,975,2655,1676,0.16718946047678795,0.832810539523212,0.3672316384180791
4,1,2,1,14387.2421875,14386.947490000011,25,575.4896875,1.7376505986477822,104.25903591886693,1279.4560546875,1173.57470703125,5282.0,1146,5674,1035,2837,1798,0.16803519061583577,0.8319648093841642,0.36482199506520974,1146,5674,1035,2837,1798,0.16803519061583577,0.8319648093841642,0.36482199506520974
4,1,2,2,35034.57421875,35033.7890589999,64,547.4152221679688,1.8267668846321563,109.60601307792938,1267.484375,1171.57470703125,5282.0,1300,6576,1214,3288,2070,0.16505840528186896,0.834941594718131,0.36922141119221413,1300,6576,1214,3288,2070,0.16505840528186896,0.834941594718131,0.36922141119221413
4,2,0,0,13963.671875,13963.386653000043,23,607.1161684782609,1.6471312277953394,98.82787366772037,1280.0458984375,1173.57470703125,5076.0,94,490,73,245,168,0.16095890410958905,0.839041095890411,0.2979591836734694,94,490,73,245,168,0.16095890410958905,0.839041095890411,0.2979591836734694
4,2,0,1,17493.634765625,17493.264631999864,30,583.1211588541667,1.7149094743277717,102.8945684596663,1279.9912109375,1176.07470703125,5156.0,216,892,132,446,310,0.19494584837545126,0.8050541516245487,0.29596412556053814,216,892,132,446,310,0.19494584837545126,0.8050541516245487,0.29596412556053814
4,2,0,2,36339.62890625,36338.81000999986,64,567.8067016601562,1.761162728576811,105.66976371460866,1269.984375,1172.57470703125,5158.0,350,1814,321,907,582,0.16173752310536044,0.8382624768946395,0.3539140022050717,350,1814,321,907,582,0.16173752310536044,0.8382624768946395,0.3539140022050717
4,2,1,0,10914.78515625,10914.584092000041,17,642.0461856617648,1.5575203502989243,93.45122101793547,1283.0126953125,1173.07470703125,5178.0,408,2072,360,1036,672,0.16451612903225807,0.8354838709677419,0.3474903474903475,408,2072,360,1036,672,0.16451612903225807,0.8354838709677419,0.3474903474903475
4,2,1,1,15465.146484375,15464.824587000066,26,594.8133263221154,1.6811997239255863,100.87198343553517,1279.5263671875,1175.07470703125,5198.0,498,2442,419,1221,798,0.16938775510204082,0.8306122448979592,0.34316134316134317,498,2442,419,1221,798,0.16938775510204082,0.8306122448979592,0.34316134316134317
4,2,1,2,36076.57421875,36075.76551500006,64,563.6964721679688,1.774004361166239,106.44026166997435,1268.984375,1173.57470703125,5198.0,652,3344,598,1672,1070,0.16316316316316315,0.8368368368368369,0.3576555023923445,652,3344,598,1672,1070,0.16316316316316315,0.8368368368368369,0.3576555023923445
4,2,2,0,35943.1015625,35942.29926200001,64,561.6109619140625,1.7805920251126075,106.83552150675645,1280.0458984375,1173.57470703125,5202.0,830,4234,765,2117,1348,0.16390205371248026,0.8360979462875198,0.36136041568256966,830,4234,765,2117,1348,0.16390205371248026,0.8360979462875198,0.36136041568256966
4,2,2,1,35457.84765625,35457.152898,64,554.0288696289062,1.8049600929096157,108.29760557457693,1279.4560546875,1171.57470703125,5204.0,1032,5100,920,2550,1626,0.16829745596868884,0.8317025440313112,0.3607843137254902,1032,5100,920,2550,1626,0.16829745596868884,0.8317025440313112,0.3607843137254902
4,2,2,2,27213.083984375,27212.484257000142,49,555.3690609056123,1.800604445572374,108.03626673434243,1264.984375,1174.57470703125,5204.0,1162,5786,1051,2893,1838,0.16724237190558433,0.8327576280944157,0.3632907016937435,1162,5786,1051,2893,1838,0.16724237190558433,0.8327576280944157,0.3632907016937435
4,4,0,0,36852.23046875,36851.41240300027,64,575.8161010742188,1.7366655745374977,104.19993447224986,1278.0458984375,1171.57470703125,5082.0,200,1040,184,520,332,0.16129032258064516,0.8387096774193549,0.35384615384615387,200,1040,184,520,332,0.16129032258064516,0.8387096774193549,0.35384615384615387
4,4,0,1,17849.009765625,17848.631747000127,29,615.4830953663793,1.624739992907082,97.48439957442493,1278.0615234375,1171.57470703125,5242.0,298,1450,251,725,470,0.17048054919908467,0.8295194508009154,0.34620689655172415,298,1450,251,725,470,0.17048054919908467,0.8295194508009154,0.34620689655172415
4,4,0,2,36831.34765625,36830.525538000074,64,575.4898071289062,1.7376502374367961,104.25901424620777,1264.984375,1171.57470703125,5242.0,458,2346,427,1173,742,0.16333808844507847,0.8366619115549215,0.3640238704177323,458,2346,427,1173,742,0.16333808844507847,0.8366619115549215,0.3640238704177323
4,4,1,0,36289.45703125,36288.64747899979,64,567.0227661132812,1.7635976185834794,105.81585711500877,1278.0458984375,1170.07470703125,5262.0,630,3242,597,1621,1020,0.16270661157024793,0.8372933884297521,0.36829117828500924,630,3242,597,1621,1020,0.16270661157024793,0.8372933884297521,0.36829117828500924
4,4,1,1,19393.11328125,19392.70046499996,33,587.6700994318181,1.7016349835849027,102.09809901509416,1276.5615234375,1171.57470703125,5262.0,754,3690,667,1845,1174,0.16966696669666967,0.8303330333033303,0.3615176151761518,754,3690,667,1845,1174,0.16966696669666967,0.8303330333033303,0.3615176151761518
4,4,1,2,37208.61328125,37207.78028099994,64,581.3845825195312,1.72003185166405,103.201911099843,1265.984375,1172.07470703125,5262.0,902,4598,849,2299,1446,0.164,0.836,0.36929099608525445,902,4598,849,2299,1446,0.164,0.836,0.36929099608525445
4,4,2,0,36825.07421875,36824.245724999855,64,575.3917846679688,1.7379462596551538,104.27677557930923,1278.5458984375,1170.57470703125,5262.0,1076,5492,1018,2746,1724,0.1638246041412911,0.8361753958587089,0.370721048798252,1076,5492,1018,2746,1724,0.1638246041412911,0.8361753958587089,0.370721048798252
4,4,2,1,16273.80859375,16273.484270999688,26,625.9157151442307,1.5976591988420812,95.85955193052487,1278.0615234375,1172.07470703125,5262.0,1162,5866,1079,2933,1850,0.16533864541832669,0.8346613545816733,0.36788271394476646,1162,5866,1079,2933,1850,0.16533864541832669,0.8346613545816733,0.36788271394476646
4,4,2,2,36624.96484375,36624.14399199997,64,572.2650756835938,1.7474419504028962,104.84651702417378,1264.984375,1170.07470703125,5262.0,1314,6770,1259,3385,2122,0.16254329539831766,0.8374567046016823,0.3719350073855244,1314,6770,1259,3385,2122,0.16254329539831766,0.8374567046016823,0.3719350073855244
8,1,0,0,27896.3828125,27895.776505999947,64,435.8809814453125,2.294204249710914,137.65225498265482,1846.5458984375,1753.57470703125,5422.0,456,784,340,392,44,0.36774193548387096,0.632258064516129,0.8673469387755102,456,784,340,392,44,0.36774193548387096,0.632258064516129,0.8673469387755102
8,1,0,1,13767.3564453125,13767.082996999761,27,509.9020905671296,1.9611608159671745,117.66964895803046,1852.5615234375,1752.57470703125,5462.0,616,1100,476,550,66,0.358974358974359,0.6410256410256411,0.8654545454545455,616,1100,476,550,66,0.358974358974359,0.6410256410256411,0.8654545454545455
8,1,0,2,30050.146484375,30049.478330000056,64,469.5335388183594,2.1297733118631452,127.7863987117887,1835.94140625,1754.57470703125,5462.0,954,1818,819,909,82,0.34415584415584416,0.6558441558441559,0.900990099009901,954,1818,819,909,82,0.34415584415584416,0.6558441558441559,0.900990099009901
8,1,1,0,28436.015625,28435.38534199979,64,444.312744140625,2.2506669304166977,135.04001582500186,1851.0126953125,1755.57470703125,5462.0,1374,2466,1121,1233,104,0.3578125,0.6421875,0.9091646390916464,1374,2466,1121,1233,104,0.3578125,0.6421875,0.9091646390916464
8,1,1,1,13620.603515625,13620.335459000216,28,486.4501255580357,2.0557092031846858,123.34255219108114,1848.9912109375,1752.57470703125,5462.0,1530,2802,1267,1401,126,0.35318559556786705,0.646814404432133,0.9043540328336902,1530,2802,1267,1401,126,0.35318559556786705,0.646814404432133,0.9043540328336902
8,1,1,2,29575.2421875,29574.584895000044,64,462.1131591796875,2.163972135688872,129.8383281413323,1836.94140625,1753.07470703125,5462.0,1880,3508,1604,1754,142,0.3489235337787676,0.6510764662212324,0.9144811858608894,1880,3508,1604,1754,142,0.3489235337787676,0.6510764662212324,0.9144811858608894
8,1,2,0,28694.701171875,28694.07189499998,64,448.3547058105469,2.2303769471810826,133.82261683086494,1847.0791015625,1755.57470703125,5462.0,2218,4238,1947,2119,164,0.34355638166047087,0.6564436183395291,0.9188296366210477,2218,4238,1947,2119,164,0.34355638166047087,0.6564436183395291,0.9188296366210477
8,1,2,1,12984.076171875,12983.814384999732,27,480.89171006944446,2.0794702405154633,124.7682144309278,1852.9208984375,1753.57470703125,5462.0,2406,4526,2069,2263,186,0.3470859780727063,0.6529140219272938,0.9142730888201502,2406,4526,2069,2263,186,0.3470859780727063,0.6529140219272938,0.9142730888201502
8,1,2,2,29693.822265625,29693.18111299981,64,463.9659729003906,2.1553304733722167,129.319828402333,1837.44140625,1755.07470703125,5462.0,2768,5220,2400,2610,202,0.34651977966950426,0.6534802203304958,0.9195402298850575,2768,5220,2400,2610,202,0.34651977966950426,0.6534802203304958,0.9195402298850575
8,1,0,0,11147.6171875,11147.395599999982,23,484.67900815217394,2.063221190066543,123.79327140399258,1849.3798828125,1752.57470703125,5416.0,194,390,143,195,44,0.3321917808219178,0.6678082191780822,0.7333333333333333,194,390,143,195,44,0.3321917808219178,0.6678082191780822,0.7333333333333333
8,1,0,1,12764.3154296875,12764.057833000152,27,472.75242332175924,2.115272076182234,126.91632457093404,1846.9912109375,1753.07470703125,5436.0,368,692,272,346,66,0.3471698113207547,0.6528301886792452,0.7861271676300579,368,692,272,346,66,0.3471698113207547,0.6528301886792452,0.7861271676300579
8,1,0,2,28133.466796875,28132.853694999994,64,439.5854187011719,2.274870724681146,136.49224348086878,1837.94140625,1752.57470703125,5438.0,744,1372,596,686,82,0.3516068052930057,0.6483931947069943,0.8688046647230321,744,1372,596,686,82,0.3516068052930057,0.6483931947069943,0.8688046647230321
8,1,1,0,27758.568359375,27757.961724000324,64,433.7276306152344,2.3055944085958258,138.33566451574956,1849.5126953125,1753.57470703125,5442.0,1142,2042,909,1021,104,0.3586683417085427,0.6413316582914573,0.8903036238981391,1142,2042,909,1021,104,0.3586683417085427,0.6413316582914573,0.8903036238981391
8,1,1,1,16621.873046875,16621.525072000168,37,449.2398120777027,2.225982589065448,133.5589553439269,1848.0263671875,1754.07470703125,5442.0,1388,2432,1082,1216,126,0.3633507853403141,0.6366492146596858,0.8898026315789473,1388,2432,1082,1216,126,0.3633507853403141,0.6366492146596858,0.8898026315789473
8,1,1,2,29900.337890625,29899.681858999884,64,467.1927795410156,2.1404440389306325,128.42664233583795,1838.44140625,1754.07470703125,5442.0,1748,3128,1414,1564,142,0.3584905660377358,0.6415094339622641,0.9040920716112532,1748,3128,1414,1564,142,0.3584905660377358,0.6415094339622641,0.9040920716112532
8,1,2,0,28002.775390625,28002.160714999718,64,437.5433654785156,2.2854877456691827,137.12926474015097,1851.5126953125,1752.07470703125,5442.0,2140,3804,1730,1902,164,0.36002691790040375,0.6399730820995962,0.9095688748685594,2140,3804,1730,1902,164,0.36002691790040375,0.6399730820995962,0.9095688748685594
8,1,2,1,12820.423828125,12820.166472999972,27,474.83051215277777,2.106014618703037,126.36087712218222,1846.4560546875,1752.07470703125,5442.0,2332,4088,1850,2044,186,0.3632398753894081,0.636760124610592,0.9050880626223092,2332,4088,1850,2044,186,0.3632398753894081,0.636760124610592,0.9050880626223092
8,1,2,2,29429.044921875,29428.390806000152,64,459.8288269042969,2.1747222911888637,130.48333747133182,1836.94140625,1755.07470703125,5442.0,2654,4822,2201,2411,202,0.3550026752273943,0.6449973247726056,0.9128992119452509,2654,4822,2201,2411,202,0.3550026752273943,0.6449973247726056,0.9128992119452509
8,2,0,0,28698.30859375,28697.67529899991,64,448.41107177734375,2.230096585341552,133.80579512049314,1846.9130859375,1752.57470703125,5422.0,402,838,367,419,44,0.3241935483870968,0.6758064516129032,0.8758949880668258,402,838,367,419,44,0.3241935483870968,0.6758064516129032,0.8758949880668258
8,2,0,1,18085.7890625,18085.40756900038,38,475.9418174342105,2.1010971580328306,126.06582948196984,1847.0615234375,1753.07470703125,5442.0,638,1254,553,627,66,0.3372093023255814,0.6627906976744186,0.8819776714513556,638,1254,553,627,66,0.3372093023255814,0.6627906976744186,0.8819776714513556
8,2,0,2,29520.8359375,29520.183266999993,64,461.2630615234375,2.1679602886414706,130.07761731848825,1837.94140625,1753.57470703125,5442.0,1046,1902,861,951,82,0.3548168249660787,0.6451831750339213,0.9053627760252366,1046,1902,861,951,82,0.3548168249660787,0.6451831750339213,0.9053627760252366
8,2,1,0,9048.8935546875,9048.723902999882,17,532.2878561580883,1.8786827248281281,112.72096348968769,1850.3798828125,1751.57470703125,5442.0,1156,2108,942,1054,104,0.3541666666666667,0.6458333333333334,0.8937381404174574,1156,2108,942,1054,104,0.3541666666666667,0.6458333333333334,0.8937381404174574
8,2,1,1,12981.9111328125,12981.644972999675,26,499.3042743389423,2.0027867803133823,120.16720681880294,1846.0263671875,1753.07470703125,5442.0,1334,2390,1061,1195,126,0.3582169709989259,0.6417830290010741,0.8878661087866109,1334,2390,1061,1195,126,0.3582169709989259,0.6417830290010741,0.8878661087866109
8,2,1,2,30998.6875,30997.99756099992,64,484.3544921875,2.0646035416822084,123.8762125009325,1837.44140625,1753.07470703125,5442.0,1670,3110,1405,1555,142,0.3493723849372385,0.6506276150627615,0.9035369774919614,1670,3110,1405,1555,142,0.3493723849372385,0.6506276150627615,0.9035369774919614
8,2,2,0,29488.330078125,29487.677304000044,64,460.7551574707031,2.1703500954595056,130.22100572757034,1850.0458984375,1751.07470703125,5442.0,2034,3814,1735,1907,164,0.3478112175102599,0.6521887824897401,0.9098059779758784,2034,3814,1735,1907,164,0.3478112175102599,0.6521887824897401,0.9098059779758784
8,2,2,1,13778.2119140625,13777.934537999954,28,492.07899693080356,2.032194030302457,121.93164181814743,1851.0615234375,1753.57470703125,5442.0,2226,4114,1863,2057,186,0.35110410094637223,0.6488958990536278,0.9056878949927079,2226,4114,1863,2057,186,0.35110410094637223,0.6488958990536278,0.9056878949927079
8,2,2,2,30203.0390625,30202.368033999846,64,471.9224853515625,2.118992061281085,127.13952367686511,1837.94140625,1752.57470703125,5442.0,2574,4822,2201,2411,202,0.34802595997836666,0.6519740400216333,0.9128992119452509,2574,4822,2201,2411,202,0.34802595997836666,0.6519740400216333,0.9128992119452509
8,4,0,0,27206.015625,27205.415064000135,57,477.2985197368421,2.095124871854513,125.70749231127077,1847.5458984375,1752.07470703125,5442.0,380,748,322,374,44,0.33687943262411346,0.6631205673758865,0.8609625668449198,380,748,322,374,44,0.33687943262411346,0.6631205673758865,0.8609625668449198
8,4,0,1,16505.810546875,16505.4752609999,33,500.1760771780303,1.9992959392259473,119.95775635355683,1846.5263671875,1751.57470703125,5442.0,586,1114,483,557,66,0.3447058823529412,0.6552941176470588,0.8671454219030521,586,1114,483,557,66,0.3447058823529412,0.6552941176470588,0.8671454219030521
8,4,0,2,31164.794921875,31164.107734000027,64,486.9499206542969,2.05359926675075,123.215956005045,1835.44140625,1755.57470703125,5442.0,932,1824,822,912,82,0.3381712626995646,0.6618287373004355,0.9013157894736842,932,1824,822,912,82,0.3381712626995646,0.6618287373004355,0.9013157894736842
8,4,1,0,29400.5859375,29399.93460000005,64,459.3841552734375,2.1768273644631337,130.609641867788,1852.8798828125,1752.57470703125,5442.0,1306,2518,1147,1259,104,0.3415271966527197,0.6584728033472803,0.9110405083399523,1306,2518,1147,1259,104,0.3415271966527197,0.6584728033472803,0.9110405083399523
8,4,1,1,13319.4306640625,13319.160964000275,25,532.7772265625,1.8769571035384527,112.61742621230717,1850.5615234375,1754.57470703125,5442.0,1464,2804,1268,1402,126,0.3430178069353327,0.6569821930646673,0.9044222539229672,1464,2804,1268,1402,126,0.3430178069353327,0.6569821930646673,0.9044222539229672
8,4,1,2,32443.990234375,32443.266486000084,64,506.9373474121094,1.9726303558121168,118.357821348727,1838.44140625,1756.07470703125,5442.0,1774,3550,1625,1775,142,0.33320811419984975,0.6667918858001503,0.9154929577464789,1774,3550,1625,1775,142,0.33320811419984975,0.6667918858001503,0.9154929577464789
8,4,2,0,29840.228515625,29839.593649999642,64,466.2535705566406,2.1447556933583196,128.68534160149918,1853.5458984375,1755.07470703125,5442.0,2126,4266,1961,2133,164,0.33260325406758445,0.6673967459324155,0.9193624003750586,2126,4266,1961,2133,164,0.33260325406758445,0.6673967459324155,0.9193624003750586
8,4,2,1,14231.7255859375,14231.432768000104,27,527.1009476273148,1.8971698011574192,113.83018806944516,1847.0615234375,1753.57470703125,5442.0,2302,4566,2089,2283,186,0.33517763541059986,0.6648223645894001,0.9150240911081909,2302,4566,2089,2283,186,0.33517763541059986,0.6648223645894001,0.9150240911081909
8,4,2,2,29683.287109375,29682.633218999854,64,463.8013610839844,2.156095440649045,129.3657264389427,1837.44140625,1754.57470703125,5442.0,2686,5238,2409,2619,202,0.33897021706208985,0.6610297829379101,0.9198167239404352,2686,5238,2409,2619,202,0.33897021706208985,0.6610297829379101,0.9198167239404352
